{
  "HonestyHumility": 0.1,
  "Emotionality": 0.12000000000000001,
  "Extraversion": 0.14,
  "Agreeableness": 0.1,
  "Conscientiousness": 0.11,
  "OpennessToExperience": 0.12000000000000001
}